{"IcoMoonType":"selection","icons":[{"icon":{"paths":["M1024 590.444l-512-397.426-512 397.428v-162.038l512-397.426 512 397.428zM896 576v384h-256v-256h-256v256h-256v-384l384-288z"],"tags":["home","house"],"defaultCode":59648,"grid":16,"attrs":[]},"attrs":[],"properties":{"ligatures":"home, house","name":"home","order":9,"id":1,"prevSize":32,"code":59648},"setIdx":1,"setId":1,"iconIdx":0},{"icon":{"paths":["M896 0h-768c-70.4 0-128 57.6-128 128v768c0 70.4 57.6 128 128 128h768c70.4 0 128-57.6 128-128v-768c0-70.4-57.6-128-128-128zM448 794.51l-237.254-237.256 90.51-90.508 146.744 146.744 306.746-306.746 90.508 90.51-397.254 397.256z"],"tags":["checkbox-checked","checkbox","tick","checked","selected"],"defaultCode":59986,"grid":16,"attrs":[]},"attrs":[],"properties":{"ligatures":"checkbox-checked, checkbox","name":"checkbox-checked","order":10,"id":339,"prevSize":32,"code":59986},"setIdx":1,"setId":1,"iconIdx":338},{"icon":{"paths":["M896 0h-768c-70.4 0-128 57.6-128 128v768c0 70.4 57.6 128 128 128h768c70.4 0 128-57.6 128-128v-768c0-70.4-57.6-128-128-128zM896 896h-768v-768h768v768z"],"tags":["checkbox-unchecked","checkbox","unchecked","square"],"defaultCode":59987,"grid":16,"attrs":[]},"attrs":[],"properties":{"ligatures":"checkbox-unchecked, checkbox2","name":"checkbox-unchecked","order":11,"id":340,"prevSize":32,"code":59987},"setIdx":1,"setId":1,"iconIdx":339}],"height":1024,"metadata":{"name":"icomoon"},"preferences":{"showGlyphs":true,"showQuickUse":true,"showQuickUse2":true,"showSVGs":true,"fontPref":{"prefix":"icon-","metadata":{"fontFamily":"icomoon","majorVersion":1,"minorVersion":0},"metrics":{"emSize":1024,"baseline":6.25,"whitespace":50},"embed":false},"imagePref":{"prefix":"icon-","png":true,"useClassSelector":true,"color":0,"bgColor":16777215,"classSelector":".icon","name":"icomoon","height":32,"columns":16,"margin":16},"historySize":50,"showCodes":true,"gridSize":16}}